               epoch,      train/box_loss,      train/obj_loss,      train/cls_loss,   metrics/precision,      metrics/recall,     metrics/mAP_0.5,metrics/mAP_0.5:0.95,        val/box_loss,        val/obj_loss,        val/cls_loss,               x/lr0,               x/lr1,               x/lr2
                   0,            0.099827,            0.052503,             0.02744,                   0,                   0,                   0,                   0,            0.087058,            0.030506,            0.026856,            0.070395,           0.0032895,           0.0032895
                   1,            0.091236,             0.03492,            0.026395,          2.9707e-05,           0.0075758,          1.7864e-05,           3.304e-06,            0.083139,            0.025013,            0.026684,            0.040362,             0.00659,             0.00659
                   2,            0.087155,            0.034638,            0.025497,           0.0018668,             0.26865,           0.0023192,           0.0006019,            0.075087,            0.022221,            0.025308,            0.010296,           0.0098576,           0.0098576
                   3,            0.083328,            0.034874,             0.02499,           0.0025283,             0.30711,           0.0051065,           0.0015756,            0.075457,            0.023721,            0.024263,           0.0098515,           0.0098515,           0.0098515
                   4,            0.078571,            0.031846,            0.024118,           0.0024499,             0.45455,            0.018529,           0.0042013,            0.072074,            0.022525,            0.024723,           0.0098515,           0.0098515,           0.0098515
                   5,            0.074504,            0.031045,            0.022724,           0.0035712,             0.66725,            0.025435,            0.007476,             0.07095,            0.021952,            0.026968,            0.009802,            0.009802,            0.009802
                   6,            0.072163,            0.030613,            0.020751,             0.15524,             0.12762,             0.10826,            0.051588,            0.064321,            0.021965,            0.021182,           0.0097525,           0.0097525,           0.0097525
                   7,            0.070308,            0.029509,            0.018416,              0.1682,             0.13753,            0.076643,            0.026661,            0.060672,            0.021162,            0.029723,            0.009703,            0.009703,            0.009703
                   8,            0.068318,            0.026273,            0.018126,             0.13043,             0.20571,             0.11408,            0.051096,            0.060106,            0.020635,            0.014582,           0.0096535,           0.0096535,           0.0096535
                   9,            0.067832,            0.026792,            0.017811,             0.22797,             0.15501,             0.12036,            0.046328,              0.0628,             0.02127,            0.019895,            0.009604,            0.009604,            0.009604
                  10,            0.065724,              0.0243,             0.01639,             0.25056,             0.30012,             0.23969,            0.088783,             0.05692,            0.020391,            0.017673,           0.0095545,           0.0095545,           0.0095545
                  11,            0.063023,            0.023954,            0.015107,             0.31763,             0.33683,             0.28416,             0.10205,            0.058417,            0.017956,            0.013285,            0.009505,            0.009505,            0.009505
                  12,            0.062173,            0.023915,            0.015068,             0.43857,             0.33858,             0.31722,             0.10831,            0.053258,             0.01727,            0.010875,           0.0094555,           0.0094555,           0.0094555
                  13,            0.060995,            0.022134,            0.012686,             0.65252,             0.41194,             0.47301,             0.18405,            0.052191,            0.015435,           0.0062825,            0.009406,            0.009406,            0.009406
                  14,            0.058387,            0.021504,            0.010875,             0.40729,             0.38742,             0.28518,            0.099077,             0.05595,            0.016433,            0.041694,           0.0093565,           0.0093565,           0.0093565
                  15,            0.058113,             0.02056,           0.0095959,              0.6017,             0.42501,             0.46282,             0.18556,             0.05214,            0.014494,            0.013016,            0.009307,            0.009307,            0.009307
                  16,             0.05675,            0.018877,           0.0094395,              0.6439,             0.53274,             0.58829,             0.25006,            0.050423,            0.013454,           0.0068649,           0.0092575,           0.0092575,           0.0092575
                  17,            0.056764,            0.020494,           0.0084391,             0.69867,             0.58813,             0.65984,             0.26913,            0.047516,            0.012751,           0.0039635,            0.009208,            0.009208,            0.009208
                  18,            0.054377,            0.019246,           0.0076819,             0.79057,             0.49141,             0.59022,             0.23339,            0.051614,            0.015286,           0.0078524,           0.0091585,           0.0091585,           0.0091585
                  19,            0.054453,            0.019789,           0.0075878,              0.6174,             0.50116,             0.57869,              0.2287,            0.049549,            0.013086,            0.016481,            0.009109,            0.009109,            0.009109
                  20,            0.052666,            0.018587,           0.0074578,             0.79472,             0.57226,              0.7037,             0.28713,             0.04604,            0.012615,           0.0047091,           0.0090595,           0.0090595,           0.0090595
                  21,            0.052128,             0.01829,           0.0060349,             0.80785,             0.43802,             0.61372,             0.23468,            0.048376,            0.012943,           0.0098641,             0.00901,             0.00901,             0.00901
                  22,             0.05086,            0.018047,           0.0063765,             0.75459,             0.54637,              0.6449,             0.25622,            0.046464,            0.012925,           0.0047628,           0.0089605,           0.0089605,           0.0089605
                  23,            0.051046,             0.01706,           0.0065719,             0.60271,             0.62821,             0.67234,             0.27334,            0.047229,            0.012478,           0.0024252,            0.008911,            0.008911,            0.008911
                  24,             0.05019,            0.017841,           0.0067376,             0.81456,             0.59282,             0.71812,             0.30493,            0.044102,            0.012083,           0.0047406,           0.0088615,           0.0088615,           0.0088615
                  25,            0.049169,            0.017391,           0.0059459,               0.831,             0.54375,              0.7285,             0.30761,            0.045935,            0.011425,           0.0042228,            0.008812,            0.008812,            0.008812
                  26,            0.049487,            0.017427,           0.0047346,             0.79777,             0.61751,             0.71111,             0.28906,            0.046032,              0.0132,           0.0041587,           0.0087625,           0.0087625,           0.0087625
                  27,            0.048761,            0.016958,           0.0054491,             0.70583,             0.66667,             0.72827,             0.32655,            0.045062,            0.011843,           0.0036179,            0.008713,            0.008713,            0.008713
                  28,            0.047341,             0.01698,           0.0044743,             0.69171,             0.60279,             0.67869,             0.29844,            0.045756,            0.011521,           0.0035104,           0.0086635,           0.0086635,           0.0086635
                  29,             0.04871,            0.016524,           0.0054343,             0.76622,             0.70914,             0.77168,             0.35537,            0.042567,            0.011098,           0.0065086,            0.008614,            0.008614,            0.008614
                  30,            0.046572,            0.015973,           0.0045356,             0.72029,             0.59523,             0.70059,             0.30114,            0.044261,            0.011287,           0.0081082,           0.0085645,           0.0085645,           0.0085645
                  31,            0.046836,            0.015219,           0.0056443,             0.71484,             0.72892,              0.7752,             0.31898,            0.044532,            0.011624,           0.0019219,            0.008515,            0.008515,            0.008515
                  32,            0.045785,            0.016081,           0.0059253,             0.77041,             0.60384,             0.69706,             0.29936,            0.045225,            0.011456,           0.0050513,           0.0084655,           0.0084655,           0.0084655
                  33,            0.045747,            0.016878,           0.0053572,             0.74958,             0.59033,             0.67863,             0.31395,            0.043457,            0.011487,           0.0061255,            0.008416,            0.008416,            0.008416
                  34,            0.045157,            0.015747,           0.0039696,             0.86957,             0.64394,             0.76441,              0.3224,            0.045915,            0.011339,           0.0028299,           0.0083665,           0.0083665,           0.0083665
                  35,            0.044653,            0.015786,           0.0045349,             0.80502,             0.67042,             0.78379,             0.35183,            0.042625,            0.010745,           0.0027508,            0.008317,            0.008317,            0.008317
                  36,            0.044843,            0.015864,           0.0039668,             0.79175,             0.68186,             0.79632,             0.35848,            0.042054,            0.010661,           0.0011313,           0.0082675,           0.0082675,           0.0082675
                  37,             0.04347,            0.016298,           0.0038508,             0.80473,             0.57851,              0.7249,             0.33248,            0.041802,            0.011898,              0.0018,            0.008218,            0.008218,            0.008218
                  38,            0.043703,            0.015917,           0.0044617,             0.76219,             0.67234,             0.78919,             0.36429,            0.040447,            0.010971,            0.002926,           0.0081685,           0.0081685,           0.0081685
                  39,            0.043364,            0.015123,           0.0040654,             0.82491,             0.64134,             0.73675,             0.30343,            0.045644,            0.011741,           0.0023622,            0.008119,            0.008119,            0.008119
                  40,            0.042707,             0.01455,           0.0042855,             0.87195,             0.67322,             0.79228,             0.34833,            0.041608,            0.011107,           0.0018767,           0.0080695,           0.0080695,           0.0080695
                  41,            0.041887,            0.015248,           0.0040522,              0.8357,             0.71503,             0.78972,             0.38755,             0.04229,            0.010856,            0.002475,             0.00802,             0.00802,             0.00802
                  42,            0.041898,            0.014887,           0.0041886,             0.88801,             0.68182,             0.80478,             0.37778,            0.042719,            0.010311,           0.0015815,           0.0079705,           0.0079705,           0.0079705
                  43,            0.042401,            0.014785,           0.0033574,             0.77543,             0.72261,             0.80439,             0.36154,            0.042694,            0.010947,           0.0030566,            0.007921,            0.007921,            0.007921
                  44,            0.041322,            0.014383,           0.0045313,             0.85842,             0.71553,             0.80731,             0.38512,            0.040866,            0.010584,           0.0030761,           0.0078715,           0.0078715,           0.0078715
                  45,            0.042095,            0.013963,           0.0038868,             0.89365,             0.74017,             0.82811,             0.37214,            0.041512,            0.010884,           0.0028811,            0.007822,            0.007822,            0.007822
                  46,            0.040057,            0.014352,           0.0035522,             0.82376,             0.70817,             0.80035,             0.37437,            0.041694,            0.010787,           0.0013068,           0.0077725,           0.0077725,           0.0077725
                  47,            0.040666,             0.01363,             0.00346,             0.81115,             0.75816,             0.79955,             0.36605,            0.042549,            0.010665,          0.00097342,            0.007723,            0.007723,            0.007723
                  48,            0.040032,            0.014306,           0.0038029,             0.87009,             0.77049,             0.86158,             0.40816,            0.040194,             0.01038,            0.001088,           0.0076735,           0.0076735,           0.0076735
                  49,            0.039909,            0.013992,            0.003467,             0.85479,             0.69656,             0.79242,             0.38669,            0.040572,            0.011071,           0.0026609,            0.007624,            0.007624,            0.007624
                  50,            0.039271,            0.014025,           0.0032182,               0.823,             0.73901,             0.81322,              0.3844,            0.041628,            0.010306,              0.0031,           0.0075745,           0.0075745,           0.0075745
                  51,            0.040053,            0.013915,           0.0033627,             0.84682,             0.65909,             0.77626,             0.36661,            0.042507,            0.011008,           0.0031274,            0.007525,            0.007525,            0.007525
                  52,            0.039153,            0.014743,            0.003439,             0.78699,             0.77855,             0.84672,             0.38881,            0.041148,            0.010774,            0.002929,           0.0074755,           0.0074755,           0.0074755
                  53,            0.039322,            0.013946,           0.0029755,             0.93602,             0.72319,             0.82882,              0.3804,            0.041578,            0.010583,           0.0014082,            0.007426,            0.007426,            0.007426
                  54,            0.038477,              0.0135,           0.0033494,              0.8499,             0.72497,             0.81149,             0.39854,            0.039855,            0.010392,           0.0025642,           0.0073765,           0.0073765,           0.0073765
                  55,            0.039453,            0.013731,           0.0034642,             0.79733,             0.73942,             0.80427,             0.35536,            0.043477,            0.010894,             0.00251,            0.007327,            0.007327,            0.007327
                  56,            0.038991,            0.013293,           0.0023711,             0.86194,             0.70455,             0.80699,             0.39454,            0.041693,            0.010274,           0.0011271,           0.0072775,           0.0072775,           0.0072775
                  57,            0.039268,            0.013706,           0.0030873,             0.90188,             0.74825,             0.83662,             0.38702,            0.041329,            0.010374,           0.0017125,            0.007228,            0.007228,            0.007228
                  58,            0.038757,            0.013528,           0.0035935,             0.84399,             0.66251,             0.78779,             0.36471,            0.041509,            0.010969,           0.0035721,           0.0071785,           0.0071785,           0.0071785
                  59,            0.038071,            0.013644,           0.0030251,             0.77925,             0.76761,             0.81066,             0.39325,             0.04085,            0.010316,           0.0017544,            0.007129,            0.007129,            0.007129
                  60,            0.038025,            0.013511,            0.002661,             0.85756,             0.76107,             0.84215,             0.39807,            0.039851,             0.01028,           0.0035806,           0.0070795,           0.0070795,           0.0070795
                  61,            0.037019,            0.012695,           0.0026332,              0.8809,              0.7052,             0.82819,             0.37967,            0.041468,            0.010248,           0.0012911,             0.00703,             0.00703,             0.00703
                  62,            0.036917,            0.013894,           0.0021239,             0.85449,             0.75339,              0.8422,             0.39428,            0.041066,              0.0103,           0.0011996,           0.0069805,           0.0069805,           0.0069805
                  63,            0.036354,            0.013313,           0.0029813,             0.79957,             0.76049,             0.80492,              0.3877,            0.042185,            0.010547,           0.0014261,            0.006931,            0.006931,            0.006931
                  64,            0.036963,            0.013409,           0.0029835,             0.83085,             0.78089,             0.85968,             0.40203,            0.040341,            0.010595,           0.0032787,           0.0068815,           0.0068815,           0.0068815
                  65,            0.035751,             0.01291,            0.002794,             0.85842,             0.71063,             0.82374,             0.37966,            0.041166,            0.010486,           0.0041107,            0.006832,            0.006832,            0.006832
                  66,            0.036453,            0.013003,           0.0027724,             0.86827,              0.7354,             0.84134,             0.39869,            0.041105,            0.010245,           0.0015768,           0.0067825,           0.0067825,           0.0067825
                  67,            0.035568,            0.012988,           0.0023584,              0.7926,             0.79497,             0.83412,             0.39795,            0.039626,            0.010633,          0.00075813,            0.006733,            0.006733,            0.006733
                  68,            0.035852,            0.012144,           0.0020922,             0.77932,             0.79518,             0.84997,             0.38055,            0.040673,            0.010365,           0.0023069,           0.0066835,           0.0066835,           0.0066835
                  69,            0.035669,            0.012339,           0.0023011,              0.8892,             0.74665,             0.85643,              0.4081,            0.039736,            0.010055,           0.0016568,            0.006634,            0.006634,            0.006634
                  70,            0.035549,            0.012847,           0.0024821,             0.76839,             0.81495,             0.84891,             0.40483,            0.040865,           0.0099888,            0.001421,           0.0065845,           0.0065845,           0.0065845
                  71,            0.035319,            0.012141,           0.0027031,              0.8791,             0.76837,             0.84971,             0.39722,              0.0397,            0.010206,           0.0010534,            0.006535,            0.006535,            0.006535
                  72,            0.035155,            0.013053,           0.0024325,             0.92049,             0.80543,             0.90196,             0.42564,            0.038641,           0.0097219,          0.00072917,           0.0064855,           0.0064855,           0.0064855
                  73,            0.034358,            0.012628,           0.0024006,             0.86852,             0.74051,             0.85878,             0.42107,            0.040063,           0.0098512,           0.0018541,            0.006436,            0.006436,            0.006436
                  74,            0.034483,            0.012092,           0.0022269,             0.84092,             0.71441,             0.84271,             0.39541,             0.04094,           0.0099429,           0.0031478,           0.0063865,           0.0063865,           0.0063865
                  75,            0.034454,            0.012318,           0.0021282,             0.88578,             0.74825,             0.85197,             0.43116,            0.039426,            0.010026,           0.0019057,            0.006337,            0.006337,            0.006337
                  76,             0.03438,            0.011878,           0.0022643,             0.85807,             0.81558,             0.86519,             0.41251,            0.037709,             0.01013,            0.001506,           0.0062875,           0.0062875,           0.0062875
                  77,            0.034498,            0.012208,           0.0026071,             0.78249,             0.77186,             0.83777,              0.4361,            0.038803,            0.010205,           0.0021477,            0.006238,            0.006238,            0.006238
                  78,            0.034407,            0.012123,           0.0027171,             0.77561,             0.81235,              0.8621,             0.43792,            0.037926,           0.0099088,           0.0021609,           0.0061885,           0.0061885,           0.0061885
                  79,            0.034868,            0.012624,           0.0024597,             0.88154,             0.79138,             0.88304,             0.41896,            0.039597,            0.009757,           0.0028483,            0.006139,            0.006139,            0.006139
                  80,            0.033479,            0.011965,           0.0016677,             0.77589,             0.82984,             0.85534,             0.40675,            0.040404,            0.010244,           0.0017518,           0.0060895,           0.0060895,           0.0060895
                  81,            0.033567,            0.012495,           0.0020191,             0.93034,             0.76856,             0.87795,             0.42111,            0.038589,            0.010022,           0.0016198,             0.00604,             0.00604,             0.00604
                  82,            0.033371,            0.011614,           0.0019348,             0.88869,             0.73525,             0.84053,             0.41706,            0.037774,           0.0098468,           0.0018482,           0.0059905,           0.0059905,           0.0059905
                  83,            0.033579,            0.011908,            0.002449,             0.86755,             0.74068,             0.82834,             0.40149,            0.039617,            0.010443,           0.0018583,            0.005941,            0.005941,            0.005941
                  84,            0.033108,            0.011593,           0.0021654,             0.83762,             0.72892,             0.79646,             0.40131,            0.040268,            0.010003,          0.00050228,           0.0058915,           0.0058915,           0.0058915
                  85,            0.033088,            0.011986,           0.0021682,             0.90195,              0.7535,             0.83377,             0.39822,            0.039411,            0.010398,          0.00082632,            0.005842,            0.005842,            0.005842
                  86,            0.033438,            0.011926,           0.0019403,             0.85667,              0.7331,             0.84173,             0.42022,            0.038392,            0.010185,           0.0010699,           0.0057925,           0.0057925,           0.0057925
                  87,            0.032259,            0.011714,           0.0021879,              0.8287,             0.78233,             0.83753,             0.41879,            0.038595,           0.0099847,           0.0036483,            0.005743,            0.005743,            0.005743
                  88,            0.032642,            0.012193,           0.0020301,             0.86724,             0.79327,             0.86296,             0.42199,            0.039651,             0.01022,           0.0010317,           0.0056935,           0.0056935,           0.0056935
                  89,            0.032183,            0.011597,           0.0018046,             0.90818,             0.78377,             0.87869,             0.43543,            0.038601,            0.010011,          0.00098924,            0.005644,            0.005644,            0.005644
                  90,             0.03291,            0.012166,           0.0018354,             0.85486,             0.79788,             0.86349,             0.43071,             0.03764,            0.010213,           0.0023046,           0.0055945,           0.0055945,           0.0055945
                  91,             0.03226,            0.010945,           0.0016104,             0.80224,             0.88578,             0.90763,             0.42626,            0.037791,           0.0097396,           0.0018203,            0.005545,            0.005545,            0.005545
                  92,            0.031242,            0.011614,           0.0013931,             0.83435,             0.79382,             0.88477,              0.4355,            0.036915,           0.0099501,           0.0011496,           0.0054955,           0.0054955,           0.0054955
                  93,            0.030384,            0.010902,           0.0012998,             0.86744,             0.82499,             0.89333,             0.44069,            0.037708,            0.010024,          0.00097963,            0.005446,            0.005446,            0.005446
                  94,            0.031205,             0.01141,            0.001708,             0.80958,             0.78147,             0.85426,             0.40193,            0.038717,            0.010069,           0.0034658,           0.0053965,           0.0053965,           0.0053965
                  95,            0.032007,            0.011359,           0.0016708,             0.82515,             0.80131,                0.87,              0.4094,            0.038301,            0.010131,           0.0012753,            0.005347,            0.005347,            0.005347
                  96,            0.030947,            0.011687,           0.0021258,             0.84009,              0.8024,              0.8361,             0.39854,            0.040288,            0.010618,           0.0025207,           0.0052975,           0.0052975,           0.0052975
                  97,            0.031404,            0.011448,           0.0017073,             0.76607,             0.80779,             0.82897,             0.40267,            0.038397,             0.01036,           0.0025504,            0.005248,            0.005248,            0.005248
                  98,             0.03067,             0.01133,           0.0017288,             0.87523,             0.72552,              0.8454,             0.41211,            0.038962,            0.010417,           0.0010558,           0.0051985,           0.0051985,           0.0051985
                  99,            0.030722,            0.011074,           0.0015385,             0.88065,              0.7838,             0.87647,             0.43822,             0.03744,            0.010255,          0.00049066,            0.005149,            0.005149,            0.005149
                 100,             0.03054,            0.011532,           0.0014111,             0.78476,             0.82701,             0.86663,             0.42554,            0.038753,            0.010177,            0.005202,           0.0050995,           0.0050995,           0.0050995
                 101,            0.029829,            0.011368,           0.0013834,             0.93505,             0.77438,             0.89665,              0.4393,            0.038115,            0.010069,          0.00073471,             0.00505,             0.00505,             0.00505
                 102,             0.02997,             0.01095,           0.0016321,             0.83323,              0.8712,             0.90915,             0.44996,            0.037834,            0.010125,          0.00076328,           0.0050005,           0.0050005,           0.0050005
                 103,              0.0305,            0.011287,           0.0014579,             0.91787,             0.76593,             0.86925,             0.41835,             0.03906,            0.010413,          0.00075506,            0.004951,            0.004951,            0.004951
                 104,            0.030412,            0.010963,           0.0018556,             0.85149,             0.83698,             0.87788,              0.4305,            0.038765,           0.0095961,           0.0014672,           0.0049015,           0.0049015,           0.0049015
                 105,            0.030576,            0.011108,           0.0018191,             0.86836,              0.8042,             0.88447,              0.4257,            0.037965,            0.010028,           0.0021493,            0.004852,            0.004852,            0.004852
                 106,            0.029993,            0.011414,           0.0017801,             0.84535,             0.83603,             0.89352,             0.40772,            0.038907,             0.01049,           0.0016964,           0.0048025,           0.0048025,           0.0048025
                 107,            0.028969,            0.010821,           0.0017589,             0.92022,             0.80564,             0.89147,             0.44875,            0.037117,            0.010214,          0.00069999,            0.004753,            0.004753,            0.004753
                 108,            0.028893,            0.010849,           0.0011596,              0.8807,              0.7838,             0.87876,             0.43749,            0.037618,            0.010139,          0.00077621,           0.0047035,           0.0047035,           0.0047035
                 109,            0.029832,            0.010777,           0.0013996,             0.87921,             0.83426,             0.88573,             0.44139,            0.036919,            0.010265,           0.0016865,            0.004654,            0.004654,            0.004654
                 110,            0.029033,            0.010181,           0.0014064,             0.90089,             0.82459,             0.90863,             0.44677,            0.037624,            0.010153,           0.0016441,           0.0046045,           0.0046045,           0.0046045
                 111,            0.029874,            0.010847,           0.0013615,             0.91422,             0.80944,             0.89366,             0.43288,            0.036932,            0.010203,            0.001354,            0.004555,            0.004555,            0.004555
                 112,             0.02877,            0.010785,           0.0016764,             0.90611,             0.80944,             0.87864,             0.39849,            0.036907,            0.010486,           0.0011814,           0.0045055,           0.0045055,           0.0045055
                 113,            0.029079,            0.010641,            0.001458,             0.88774,             0.79221,             0.89143,             0.44404,             0.03759,            0.010159,           0.0010101,            0.004456,            0.004456,            0.004456
                 114,            0.028231,            0.010952,           0.0012764,             0.86302,             0.80997,             0.89431,             0.43021,            0.038119,            0.010365,           0.0016085,           0.0044065,           0.0044065,           0.0044065
                 115,            0.028608,             0.01044,           0.0015843,             0.84442,             0.83974,             0.87739,             0.42598,            0.037795,            0.010176,           0.0010236,            0.004357,            0.004357,            0.004357
                 116,            0.028671,            0.010458,           0.0016617,             0.91217,             0.79662,             0.91169,             0.41793,             0.03778,           0.0098134,          0.00083296,           0.0043075,           0.0043075,           0.0043075
                 117,            0.028603,             0.01054,           0.0013426,             0.87413,             0.83371,             0.90198,             0.44653,            0.037241,            0.010106,          0.00061706,            0.004258,            0.004258,            0.004258
                 118,            0.028409,            0.010452,            0.001787,             0.83037,             0.82367,             0.88822,             0.43694,            0.036955,            0.010449,           0.0047513,           0.0042085,           0.0042085,           0.0042085
                 119,            0.027876,             0.01053,           0.0013112,             0.90922,             0.77423,             0.88291,              0.4296,            0.037598,            0.010524,           0.0010405,            0.004159,            0.004159,            0.004159
                 120,            0.027905,           0.0099859,           0.0015524,             0.89821,             0.80147,             0.90891,             0.44714,            0.036805,              0.0104,           0.0011851,           0.0041095,           0.0041095,           0.0041095
                 121,            0.027634,           0.0098454,           0.0014287,             0.90552,             0.76801,             0.86477,             0.42227,            0.037641,            0.010724,          0.00049091,             0.00406,             0.00406,             0.00406
                 122,            0.028149,            0.010498,           0.0013874,              0.8258,             0.78904,             0.87608,             0.42578,            0.038842,            0.010406,          0.00065645,           0.0040105,           0.0040105,           0.0040105
                 123,            0.028205,            0.010135,           0.0011491,             0.91767,             0.78066,              0.8955,              0.4273,            0.039341,            0.010231,           0.0023241,            0.003961,            0.003961,            0.003961
                 124,            0.028042,           0.0098576,           0.0019531,              0.9067,             0.77855,             0.88743,             0.43436,            0.039119,            0.010261,          0.00051301,           0.0039115,           0.0039115,           0.0039115
                 125,            0.026649,            0.010377,           0.0013394,             0.90407,             0.81346,             0.91415,             0.44481,            0.036878,           0.0098543,           0.0016057,            0.003862,            0.003862,            0.003862
                 126,            0.026996,             0.01021,           0.0013833,             0.85024,             0.84251,             0.89637,             0.44728,            0.038296,            0.010343,           0.0004226,           0.0038125,           0.0038125,           0.0038125
                 127,            0.027591,            0.010512,           0.0012123,             0.91478,             0.75469,              0.8599,             0.41515,            0.038891,            0.010296,           0.0013556,            0.003763,            0.003763,            0.003763
                 128,            0.026689,            0.010198,           0.0014748,             0.86258,             0.78687,             0.87388,             0.42748,            0.037937,            0.010369,           0.0014148,           0.0037135,           0.0037135,           0.0037135
                 129,            0.025946,           0.0097073,           0.0011437,             0.88424,             0.79741,             0.89878,              0.4489,            0.037206,            0.010173,          0.00062442,            0.003664,            0.003664,            0.003664
                 130,            0.026866,           0.0099282,           0.0010616,              0.8289,             0.82168,               0.884,             0.43345,             0.03778,            0.010481,           0.0017456,           0.0036145,           0.0036145,           0.0036145
                 131,            0.026642,            0.010251,           0.0014156,             0.91575,              0.8038,             0.90985,             0.45332,            0.037685,            0.010369,          0.00099328,            0.003565,            0.003565,            0.003565
                 132,            0.026294,           0.0095803,            0.001495,             0.85976,             0.82401,             0.91094,             0.43624,            0.037807,            0.010128,          0.00050095,           0.0035155,           0.0035155,           0.0035155
                 133,            0.026572,           0.0097671,           0.0011603,             0.88749,             0.82107,             0.91196,             0.43116,             0.03795,            0.010388,           0.0010029,            0.003466,            0.003466,            0.003466
                 134,            0.026307,            0.010336,           0.0010496,             0.90175,             0.78302,             0.89676,             0.44069,            0.038093,           0.0098971,           0.0006179,           0.0034165,           0.0034165,           0.0034165
                 135,            0.025982,             0.01009,           0.0011223,             0.92563,             0.81177,             0.91142,             0.45563,            0.037369,            0.010295,          0.00031759,            0.003367,            0.003367,            0.003367
                 136,            0.026155,            0.010033,           0.0013031,             0.89851,             0.83165,             0.91038,             0.45179,             0.03816,            0.010078,          0.00032599,           0.0033175,           0.0033175,           0.0033175
                 137,            0.025747,           0.0097606,           0.0012396,             0.90564,             0.87023,             0.93655,             0.46203,            0.037465,            0.010096,          0.00066656,            0.003268,            0.003268,            0.003268
                 138,            0.025142,           0.0099705,           0.0010406,             0.89602,             0.87702,             0.92371,             0.44875,            0.037093,            0.010168,          0.00057433,           0.0032185,           0.0032185,           0.0032185
                 139,            0.025473,           0.0095934,           0.0012035,             0.89945,             0.79007,             0.89401,             0.43498,            0.038019,            0.010276,           0.0018338,            0.003169,            0.003169,            0.003169
                 140,            0.025546,           0.0097327,           0.0012003,             0.82678,             0.87895,             0.91474,             0.43572,             0.03779,            0.010065,           0.0011171,           0.0031195,           0.0031195,           0.0031195
                 141,            0.025332,           0.0096271,           0.0011225,             0.90244,             0.86429,             0.92423,              0.4563,            0.037563,            0.010299,          0.00032365,             0.00307,             0.00307,             0.00307
                 142,            0.024981,           0.0095697,           0.0010707,               0.865,             0.89791,             0.92641,             0.45857,            0.037338,            0.010228,          0.00051516,           0.0030205,           0.0030205,           0.0030205
                 143,            0.025046,           0.0091563,           0.0011191,             0.84346,             0.88432,             0.91905,             0.45386,            0.038156,            0.010091,          0.00088819,            0.002971,            0.002971,            0.002971
                 144,            0.025364,           0.0096527,          0.00096108,             0.85939,             0.85548,             0.92102,             0.45711,            0.037428,            0.010212,           0.0012514,           0.0029215,           0.0029215,           0.0029215
                 145,            0.025233,           0.0096259,          0.00090327,             0.87553,             0.80186,             0.88631,             0.44682,            0.038624,            0.010364,           0.0028383,            0.002872,            0.002872,            0.002872
                 146,            0.025322,           0.0094977,           0.0011087,             0.92978,             0.82365,             0.90553,              0.4537,            0.037191,            0.010008,           0.0010869,           0.0028225,           0.0028225,           0.0028225
                 147,            0.025282,           0.0094376,             0.00125,             0.80104,             0.87587,             0.90519,             0.45642,            0.037693,            0.010403,           0.0016987,            0.002773,            0.002773,            0.002773
                 148,            0.024076,           0.0093565,           0.0011599,              0.9207,             0.78321,             0.90764,             0.45943,            0.037553,            0.010364,           0.0018788,           0.0027235,           0.0027235,           0.0027235
                 149,            0.024722,           0.0091185,           0.0014713,             0.88054,             0.88112,             0.91986,             0.45405,            0.038038,            0.010363,          0.00090755,            0.002674,            0.002674,            0.002674
                 150,             0.02491,            0.009216,           0.0012323,             0.87432,             0.81424,             0.91077,             0.43602,            0.038084,            0.010222,          0.00079272,           0.0026245,           0.0026245,           0.0026245
                 151,            0.025676,           0.0098619,           0.0011062,             0.88924,             0.83741,             0.91302,             0.45898,            0.038594,             0.01029,           0.0012942,            0.002575,            0.002575,            0.002575
                 152,            0.024762,           0.0095668,          0.00097269,             0.90686,             0.84365,             0.92216,             0.45766,            0.037433,            0.010022,          0.00077444,           0.0025255,           0.0025255,           0.0025255
                 153,            0.024326,           0.0090052,           0.0011453,             0.87609,             0.85548,             0.92693,             0.45586,            0.037144,           0.0099171,           0.0006467,            0.002476,            0.002476,            0.002476
                 154,            0.023619,           0.0092249,            0.001111,             0.82398,              0.9181,             0.91997,              0.4626,            0.037728,            0.010079,           0.0012899,           0.0024265,           0.0024265,           0.0024265
                 155,            0.023961,           0.0090273,          0.00089818,             0.86921,             0.83981,             0.90716,             0.45209,            0.037814,            0.010117,           0.0013145,            0.002377,            0.002377,            0.002377
                 156,            0.023625,           0.0091193,           0.0010766,             0.85126,             0.84654,             0.91137,             0.46188,             0.03798,            0.010354,           0.0020171,           0.0023275,           0.0023275,           0.0023275
                 157,            0.024336,           0.0088997,           0.0012424,             0.92473,             0.84238,             0.90928,             0.46145,             0.03782,            0.010273,          0.00061615,            0.002278,            0.002278,            0.002278
                 158,            0.023432,           0.0089823,          0.00093546,             0.88722,             0.86183,             0.91876,             0.45699,            0.037618,            0.010155,           0.0014712,           0.0022285,           0.0022285,           0.0022285
                 159,            0.024176,           0.0092557,           0.0012337,             0.86741,             0.83798,             0.91561,              0.4492,            0.038052,            0.010348,           0.0015178,            0.002179,            0.002179,            0.002179
                 160,            0.023259,            0.008818,          0.00086479,             0.85103,             0.87238,             0.92656,             0.46153,            0.037457,           0.0099154,           0.0018896,           0.0021295,           0.0021295,           0.0021295
                 161,            0.024154,            0.009162,           0.0008776,             0.87815,             0.83151,             0.92423,             0.46084,            0.037429,            0.010257,            0.001276,             0.00208,             0.00208,             0.00208
                 162,             0.02381,            0.008854,           0.0010172,             0.85283,             0.86305,             0.91225,             0.45683,            0.037627,           0.0099932,           0.0013452,           0.0020305,           0.0020305,           0.0020305
                 163,            0.024488,           0.0093641,           0.0010531,             0.85598,             0.85848,             0.91991,             0.45337,            0.037683,            0.010172,           0.0022506,            0.001981,            0.001981,            0.001981
                 164,            0.023444,            0.009168,          0.00097723,             0.83284,             0.83767,             0.89498,             0.45814,            0.037551,            0.010228,           0.0019495,           0.0019315,           0.0019315,           0.0019315
                 165,            0.023175,           0.0093677,           0.0011833,             0.86042,             0.86851,              0.9137,             0.45977,            0.037363,            0.010426,          0.00056194,            0.001882,            0.001882,            0.001882
                 166,            0.023431,             0.00913,            0.000903,             0.91219,             0.84261,             0.93049,             0.47343,            0.036915,            0.010284,          0.00037606,           0.0018325,           0.0018325,           0.0018325
                 167,            0.022938,           0.0091868,          0.00087187,             0.87282,             0.86233,             0.92657,             0.47431,            0.037071,            0.010262,          0.00079894,            0.001783,            0.001783,            0.001783
                 168,            0.023408,           0.0088984,          0.00082055,             0.87894,             0.87435,             0.94058,             0.47572,            0.036692,            0.010184,          0.00053147,           0.0017335,           0.0017335,           0.0017335
                 169,            0.022946,            0.009034,           0.0010082,             0.84456,             0.90618,             0.94019,             0.47749,             0.03725,            0.010164,          0.00069047,            0.001684,            0.001684,            0.001684
                 170,            0.023088,           0.0083575,          0.00091878,             0.90793,             0.82831,             0.94055,             0.47942,            0.037013,            0.010123,          0.00074365,           0.0016345,           0.0016345,           0.0016345
                 171,            0.023548,           0.0088665,          0.00066559,              0.8543,             0.85913,             0.93204,             0.47809,             0.03735,            0.010016,           0.0010344,            0.001585,            0.001585,            0.001585
                 172,            0.023058,           0.0089152,           0.0016163,             0.91801,             0.80284,             0.91687,              0.4769,            0.037192,            0.010286,          0.00029961,           0.0015355,           0.0015355,           0.0015355
                 173,            0.021532,           0.0088442,          0.00074445,             0.88444,             0.82459,             0.91826,              0.4691,            0.037203,            0.010221,          0.00048917,            0.001486,            0.001486,            0.001486
                 174,            0.022809,           0.0090592,           0.0007492,             0.87776,             0.84405,             0.92211,             0.47363,            0.037065,            0.010308,          0.00083217,           0.0014365,           0.0014365,           0.0014365
                 175,            0.022369,           0.0084066,          0.00088668,             0.87019,             0.86305,             0.92811,             0.47244,             0.03726,            0.010265,           0.0017323,            0.001387,            0.001387,            0.001387
                 176,            0.021938,           0.0089782,          0.00076368,             0.85258,              0.8449,             0.91221,             0.46278,            0.037186,            0.010188,           0.0019748,           0.0013375,           0.0013375,           0.0013375
                 177,            0.022231,           0.0086032,          0.00080674,             0.79909,             0.90471,             0.91177,             0.47043,            0.037398,            0.010395,           0.0006974,            0.001288,            0.001288,            0.001288
                 178,            0.023104,           0.0088352,          0.00076215,             0.85832,             0.85612,              0.9229,             0.46624,            0.037425,            0.010586,           0.0019656,           0.0012385,           0.0012385,           0.0012385
                 179,            0.021922,           0.0083968,          0.00091996,              0.8135,             0.92892,             0.93691,             0.46604,            0.037237,            0.010426,          0.00074249,            0.001189,            0.001189,            0.001189
                 180,            0.021768,           0.0083251,          0.00079371,             0.81671,               0.919,             0.93268,             0.46876,            0.036682,            0.010423,          0.00062919,           0.0011395,           0.0011395,           0.0011395
                 181,            0.021496,           0.0086958,          0.00064487,             0.88923,             0.87063,             0.92997,             0.46492,              0.0371,            0.010538,          0.00092255,             0.00109,             0.00109,             0.00109
                 182,            0.021409,            0.008692,          0.00078216,             0.88262,             0.85781,             0.91334,             0.46092,            0.037009,            0.010652,           0.0015339,           0.0010405,           0.0010405,           0.0010405
                 183,             0.02197,           0.0089327,            0.001019,             0.88589,             0.82313,             0.92669,              0.4696,            0.037352,            0.010679,           0.0012279,            0.000991,            0.000991,            0.000991
                 184,            0.021489,           0.0082249,           0.0007917,             0.89093,             0.78974,             0.91168,             0.47444,            0.037225,            0.010604,            0.001266,           0.0009415,           0.0009415,           0.0009415
                 185,            0.021459,           0.0082217,           0.0010624,             0.83339,             0.84585,             0.91185,             0.47044,            0.037038,             0.01066,           0.0020327,            0.000892,            0.000892,            0.000892
                 186,            0.021493,           0.0086527,           0.0007852,             0.88149,             0.84442,             0.92078,             0.46998,            0.037466,            0.010797,           0.0010891,           0.0008425,           0.0008425,           0.0008425
                 187,            0.021777,           0.0084927,           0.0010914,             0.87863,             0.87366,             0.93009,             0.47108,             0.03699,             0.01054,          0.00068872,            0.000793,            0.000793,            0.000793
                 188,            0.021591,           0.0086401,           0.0010727,             0.84759,             0.86538,             0.92175,             0.46917,            0.036796,            0.010648,            0.001888,           0.0007435,           0.0007435,           0.0007435
                 189,            0.021686,           0.0086609,           0.0010056,             0.85736,             0.88578,             0.92933,             0.47174,            0.036683,            0.010747,           0.0012262,            0.000694,            0.000694,            0.000694
                 190,            0.021264,           0.0087068,          0.00054032,             0.88511,             0.87821,             0.92307,             0.47726,            0.037075,            0.010781,          0.00063003,           0.0006445,           0.0006445,           0.0006445
                 191,            0.021304,           0.0083129,          0.00094854,             0.87871,             0.90449,             0.93426,             0.47555,            0.037113,            0.010685,          0.00060027,            0.000595,            0.000595,            0.000595
                 192,            0.021428,           0.0084699,          0.00070109,             0.88002,             0.91304,             0.93425,             0.47758,            0.036995,            0.010621,          0.00071321,           0.0005455,           0.0005455,           0.0005455
                 193,            0.021378,            0.008546,          0.00073297,             0.89313,             0.88519,             0.93336,              0.4754,             0.03714,            0.010751,          0.00073336,            0.000496,            0.000496,            0.000496
                 194,            0.021391,            0.009009,          0.00070328,             0.87582,             0.87514,             0.93325,             0.47784,            0.036925,            0.010727,          0.00056471,           0.0004465,           0.0004465,           0.0004465
                 195,             0.02078,            0.008469,          0.00067059,             0.88282,             0.85544,             0.91416,             0.47676,            0.037044,            0.010746,          0.00033979,            0.000397,            0.000397,            0.000397
                 196,            0.020737,           0.0083693,          0.00092445,             0.92229,             0.85946,             0.93405,             0.47396,            0.036976,             0.01075,          0.00052518,           0.0003475,           0.0003475,           0.0003475
                 197,            0.020306,           0.0080143,          0.00083656,             0.84954,             0.92173,             0.93813,             0.47645,            0.036784,            0.010495,           0.0005878,            0.000298,            0.000298,            0.000298
                 198,            0.021072,           0.0086938,          0.00077834,             0.87299,             0.89771,             0.93783,             0.47622,            0.037008,            0.010565,          0.00057173,           0.0002485,           0.0002485,           0.0002485
                 199,            0.020974,            0.008298,          0.00080862,             0.87771,             0.88509,             0.93617,             0.47623,            0.036958,            0.010594,          0.00064014,            0.000199,            0.000199,            0.000199
